procedure_type,waiting_time_days
Type A,59.87456846950518
Type B,59.13354037267081
Type C,59.84140435835351
